Abbe, Ernst	http://de.wikipedia.org/wiki/Ernst_Abbe	: Saalgasse (18), Neugasse (23), Fürstengraben (25), Schillergäßchen (2), Leutergäßchen (Gebäude wurde infolge der Erweiterung des Zeiss-Werkes 1912 abgetragen und in der Mühlenstr. originalgetreu wiederaufgebaut); 	: 1. (vor 1928) 
Achenbach, R.		: Jenergasse	: (1987) Jenergasse 9
Amo, Anton Wilhelm	http://de.wikipedia.org/wiki/Amo	: Jenergasse	: (1987) Jenergasse 9
Amsdorf, Nikolaus von		: Schloß	: (1858) Schloß, Gebäude abgerissen 1904/05; E
Andersen, Hans Christian	http://de.wikipedia.org/wiki/Hans_Christian_Andersen	: unbekannt	: 1. (vor 1928) Löbdergraben 6; 2. (1988) Markt 19 (= Vorderhaus)
Apelt, Ernst Friedrich	http://de.wikipedia.org/wiki/Ernst_Friedrich_Apelt	: Unterm Markt	: (1929) Löbderstr. 7, Gebäude 1945 zerstört
Arndt, Ernst Moritz	http://de.wikipedia.org/wiki/Ernst_Moritz_Arndt	: Leutragasse (7)	: (1858) ebd., Gebäude 1945 zerstört; E
Arumäus, Dominicus		: H. d. Kirche ("Wedelei")	: 1. (1858) ebd., Gebäude 1880 abgerissen; 2. (nach 1991) Coll. Jen.
Asmus		: Krautgasse (6)	: (1858) ebd., verloren vor 1934
Ast, Georg Anton Friedrich		: Krautgasse (6)	: (1858) ebd., verloren vor 1934
Auerbach, Felix:	http://de.wikipedia.org/wiki/Felix_Auerbach	: Unt. Löbdergraben, Forstweg, Mozartstr. (1), Schaefferstr. 9: 1. (nach 1945) Helmholtzweg 5 (Physikalisches Institut); 2. (1983) Schaefferstr. 9
Augusti, Johann Christian Wilhelm		: Lutherplatz, neben "Schwarzer Bär"; 	: 1. (1858) ebd., Gebäude vor 1934 abgerissen; 2. (vor 1928) Rathausgasse 1, Gebäude 1945 zerstört
Bach, Johann Nikolaus	http://de.wikipedia.org/wiki/Johann_Nikolaus_Bach_%28Komponist%29	: Jenergasse (6)	: (1989) ebd.
Bachmann, Carl Friedrich		: Markt (17), 	: 1. (1858) ebd., verloren vor 1934; E.; 2. (1929) Schillerstr. (Mineralogisches Institut), Gebäude 1945 zerstört
Baedecker, Karl		: Marienstr. (10), Hilgenfeldweg	: (nach 1945) Helmholtzweg 5 (Physikalisches Institut)
Baner (auch Banner), Johan	http://de.wikipedia.org/wiki/Johan_Ban%C3%A9r	: unbekannt	: (nach 1934) Markt ("Zur Sonne"), verloren 1973
Bardeleben, Karl Heinrich von		: V. d. Neutor, Teichgraben, Am Landgrafen, Kahlaische Str. 2, Forstweg 25	: (1977) Teichgraben 7 (Anatomisches Institut)
Batsch, August Johann Georg Karl	http://de.wikipedia.org/wiki/Batsch	: Rathausgasse (1)	: 1. (1858) ebd., Gebäude 1945 zerstört; 2. (1929) Goetheallee 28 (Inspektorhaus des Bot. Gartens), verloren, Erneuerung nach 1991
Baumgarten-Crusius, Ludwig Friedrich Otto	http://de.wikipedia.org/wiki/Ludwig_Friedrich_Otto_Baumgarten-Crusius	: Löbdergraben (34)	: (1858) ebd., verloren nach 1934
Bebel, August	http://de.wikipedia.org/wiki/August_Bebel	: Weimar-Geraer-Bahnhofstr. (1), Wagnergasse 25 (,Kaiserhof")	: 1. (nach 1945) Engelplatz ("Zum goldenen Engel"), Gebäude 1984 abgerissen; 2. (1991) Wagnergasse 25
Becher, Johannes R.	http://de.wikipedia.org/wiki/Johannes_R._Becher	: Sophienstr. 9 und 22	: (1961) Leninstr. 9
Bechstein, Johann Matthäus	http://de.wikipedia.org/wiki/Johann_Matth%C3%A4us_Bechstein	: unbekannt	: (nach 1934) Zwätzengasse 18, erneuert 1989
Beier, Adrian		: H. d. Kirche (5/6), Leutragasse, Jenergasse ("Zum grünen Schilde") (Eigentümer)	: (nach 1991) Jenergasse 13
Beireis, Gottfried Christoph	http://de.wikipedia.org/wiki/Gottfried_Christoph_Beireis	: Löbdergasse (4)	: (1858) ebd., Gebäude 1945 zerstört
Bergemann-Könitzer, Martha		: Villengang 3	: (nach 1991) ebd.
Berger, Hans	http://de.wikipedia.org/wiki/Hans_Berger	: Ob. Philosophenweg 3	: (nach 1945) Philosophenweg 3 (Klinik für Psychiatrie und Neurologie)
Bernhard von Weimar	http://de.wikipedia.org/wiki/Bernhard_von_Sachsen-Weimar	: unbekannt	: (vor 1934) Steinweg 38, verloren vor 1934, E
Bernstein, Georg Heinrich		: unbekannt	: (vor 1928) Johannisstr. 5, Gebäude 1945 zerstört
Bezold, Albert von	http://de.wikipedia.org/wiki/Albert_von_Bezold	: H. d. Rinne	: (vor 1934) Teichgraben 8 (Physiologisches Institut), Gebäude 1945 zerstört
Biedermann, Wilhelm		: Botzstr. 4	: (vor 1934) Teichgraben 8 (Physiologisches Institut), Gebäude 1945 zerstört
Bieglein-Kreußler, Johann Wolfgang		: Johannisgasse (26)	: (nach 1990) Weigelstr. 7
Bielcke, Johann		: Johannisgasse (26)	: (nach 1990) Weigelstr. 7
Binswanger, Otto	http://de.wikipedia.org/wiki/Otto_Binswanger	: Philosophenweg (Direktorgebäude der Klinik)	: (nach 1945) Philosophenweg 3 (Klinik für Psychiatrie und Neurologie)
Birken, Sigmund		: unbekannt	: (nach 1991) Coll. Jen.
Bismarck, Otto Fürst von	http://de.wikipedia.org/wiki/Bismarck	: Johannisgasse (5?), Lutherplatz 2 ("Schwarzer Bär")	: 1. (vor 1934) "Schwarzer Bär", verloren, erneuert nach 1991; 2. (vor 1934) Jenergasse 14, verloren
Blumenbach, Johann Friedrich	http://de.wikipedia.org/wiki/Blumenbach	: vermutlich Johannisgasse (16)	: 1. (1858) Markt 3, Gebäude 1945 zerstört; 2. (nach 1991) Johannisstr. 16
Böker, Hans Heinrich		: Kernbergstr. 42	: (1977) Teichgraben 7 (Anatomisches Institut)
Bötticher, Georg		: Jenergasse (6)	: (1989) ebd.
Bojanus, Ludwig Heinrich von		: unbekannt	: (1858) Unterlauengasse 14, Gebäude um 1900 abgerissen, neue Anbringung: Unterm Markt 12a, verloren
Bose, Johann Andreas		: Löbdergasse (6)	: (1858) Löbdergasse 20/21, neue Anbringung: (1928) Rathausgasse l, Gebäude 1945 zerstört; E
Brandis, Carl Georg		: Lutherstr. 117	: (vor 1928) Bibliotheksplatz (UB), Gebäude 1945 zerstört.; E
Braus, Hermann Daniel Abraham Otto		: unbekannt	: (1977) Teichgraben 7 (Anatomisches Institut)
Brehm, Alfred Edmund	http://de.wikipedia.org/wiki/Alfred_Brehm	: Löbdergraben, Saalgasse (4)	: (vor 1934) Saalstr. 4, erneuert 1983, verloren 1988, erneuert 1990
Brendel, Zacharias (sen.)		: unbekannt	: (nach 1991) Coll. Jen.
Brentano, Clemens	http://de.wikipedia.org/wiki/Clemens_Brentano	: unbekannt	: (1858) Steinweg 27, verloren vor 1934; E
Brück (eigtl. Heinse, auch gen. Potanus), Gregor von	http://de.wikipedia.org/wiki/Gregor_Br%C3%BCck	: Am Kreuz (4)	: (1858) ebd., Gebäude 1945 zerstört
Brunnquell, Johann Salomo		: Markt (19)	: 1. (1858) ebd., erneuert 1988; 2. (vor 1928) Ernst-Thälmann-Ring 6 (= Hinterhaus)
Buchwald, Eberhard Heinrich Otto		: Hermann-Löns-Str. 65	: (nach 1945) Helmholtzweg 5 (Physikalisches Institut)
Budde(us), Johann Franz	http://de.wikipedia.org/wiki/Buddeus	: Johannisgasse (8)	: 1. (1858) ebd., erneuert 1929, verloren vor 1934, 2. (nach 1991) Coll. Jen.
Buder, Christian Gottlieb		: Löbdergasse (6 und 7)	: 1. (1858) Löbderstr. 7, neue Anbringung: (1929) Coll. Jen., verloren um 1973; 2. (1929) Bibliotheksplatz (UB), Gebäude 1945 zerstört.; E
Bursian, Conrad	http://de.wikipedia.org/wiki/Bursian	: V. d. Neutor (3)	: (1929) ebd., verloren
Carlwiß, Erich		: unbekannt	: (vor 1934) Jenergasse 14, verloren nach 1934
Claudius, Matthias	http://de.wikipedia.org/wiki/Matthias_Claudius	: unbekannt	: 1. (1858) Markt 19, erneuert 1988; 2. (vor 1934) Ernst-Thälmann-Ring 6 (= Hinterhaus)
Cornarius, Janus (eigtl. Johann Haynpol, Hagenbut od. Hanbut)	http://de.wikipedia.org/wiki/Cornarius	: Johannisgasse	: 1. (1858) Johannisstr. 12, verloren vor 1934; 2. (1979) Coll. Jen.
Credner, Karl August		: Johannisplatz (20)	: (1858) ebd., verloren vor 1934
Creuzer, Georg Friedrich	http://de.wikipedia.org/wiki/Creuzer	: Schloßgasse (17)	: (1858) Unterm Markt 4, verloren 1973
Czapski, Siegfried	http://de.wikipedia.org/wiki/Czapski	: Forstweg (23)	: (1929) Prof.-IbrahimStr. 23, verloren; E
Czermak, Johann(es) Nepomuk	http://de.wikipedia.org/wiki/Johann_Nepomuk_Czermak	: Teichgraben, Fürstengraben	: (1934) Teichgraben 8 (Physiologisches Institut), Gebäude 1945 zerstört
Danovius, Ernst Jakob		: Leutragasse (5)	: (1858) ebd., Gebäude 1945 zerstört; E
Danz, Johann Andreas		: Löbdergasse (6)	: (1858) Löbderstr. 20/21, neue Anbringung: (vor 1928) Rathausgasse 1, Gebäude 1945 zerstört
Danz, Johann Traugott Leberecht		: Jenergasse (15), Johannisgasse (14); 	: 1. (1858) Jenergasse 15, verloren; 2. (1889) Johannisstr. 14
Darjes, Joachim Georg		: Kollegiengasse (22), Camsdorfer Freigut (Eigentümer)	: 1. (1858) Kollegiengasse 22, verloren vor 1934; 2. (nach 1991) Camsdorfer Ufer 1
Delbrück, Berthold		: Fürstengraben (6), Marienstr. (10)	: (1929) Marienstr. 12, verloren; E
Delbrück, Clemens von	http://de.wikipedia.org/wiki/Clemens_von_Delbr%C3%BCck	: Westendstr. (24), Landgrafenstieg 1	: (nach 1934) Landgrafenstieg 1
Delitzsch, Friedrich	http://de.wikipedia.org/wiki/Friedrich_Delitzsch	: Jenergasse 14	: (vor 1928) ebd.
Demelius, Friedrich Wilhelm		: u. a. am Johannistor	: (vor 1928) Ballhausgasse 6
Demelius, Gustav		: Johannisgasse (5)	: (vor 1928) ebd., Gebäude 1945 zerstört
Devrient, Otto	http://de.wikipedia.org/wiki/Otto_Devrient	: Erfurter Str.	: (vor 1934) August-Bebel-Str. 22
De Wette, Wilhelm Martin Leberecht	http://de.wikipedia.org/wiki/De_Wette	: Unterm Markt/Oberlauengasse	: 1. (1858) ebd., Gebäude um 1900 abgerissen; 2. (1929) Oberlauengasse 2, verloren nach 1945, erneuert 1990
Dexel, Walter	http://de.wikipedia.org/wiki/Walter_Dexel	: Fuchsturmweg 15	: (nach 1991) ebd.
Diederichs, Eugen	http://de.wikipedia.org/wiki/Eugen_Diederichs	: Sedanstr. 8, Beethovenstr. 30, Jenergasse 6 (Comptoir), Carl-Zeiß-Platz	: (nach 1991) Carl-Zeiß-Platz 4
Dilherr, Johann Michael	http://de.wikipedia.org/wiki/Dilherr	: unbekannt	: (nach 1991) Coll. Jen.
Dingelstedt, Franz Frhr. von	http://de.wikipedia.org/wiki/Franz_von_Dingelstedt	: unbekannt	: (vor 1928) Jenergasse 14
Dinger, Hugo		: Am Landgrafen (2)	: (nach 1941) Landgrafenstieg 3
Dobenecker, Otto		: Weimar-Geraer-Bahnhofstr. (9)	: (nach 1934) Westbahnhofstr. 9
Döbereiner, Johann Wolfgang	http://de.wikipedia.org/wiki/Johann_Wolfgang_D%C3%B6bereiner	: Schloß, Neugasse (23)	: (1858) Neugasse 23, erneuert 1989
Döderlein, Gustav Albert Max		: Bachstr. 18	: (1968) ebd. (Frauenklinik)
Döderlein, Johann Christoph	http://de.wikipedia.org/wiki/Johann_Christoph_D%C3%B6derlein	: Markt (17), Leutragasse (5)	: (1858) Leutrastr. 5, Gebäude 1945 zerstört; E
Drese, Adam	http://de.wikipedia.org/wiki/Adam_Drese	: Saumarkt	: (1990) Unterm Markt 12a
Drews, Paul Gottfried		: Lutherstr. (33)	: (1929) ebd., verloren vor 1934
Droysen, Johann Gustav	http://de.wikipedia.org/wiki/Johann_Gustav_Droysen	: Markt, H. d. Rathaus	: 1. (1929) Kl. Rathausgasse 3; 2. (1929) Postgasse 6, beide Gebäude 1945 zerstört; E
Ebers, Georg Moritz	http://de.wikipedia.org/wiki/Georg_Ebers	: Fürstengraben	: (vor 1928) Fürstengraben 13, verloren; E
Eckhardt, Johann Christian Ludwig von: 		: Am Kreuz (4)	: (1858) ebd., erneuert 1929, Gebäude 1945 zerstört
Edelmann, Johann Christian	http://de.wikipedia.org/wiki/Johann_Christian_Edelmann	: unbekannt	: (nach 1991) Coll. Jen.
Eggeling, Heinrich von		: Kasernenstr. (S)	: (1929) Rathenaustr. S
Eggeling, Heinrich von		: Kahlaische Str. (2), Sellierstr. (1), Kasernenstr. (S)	: (1977) Teichgraben 7 (Anatomisches Institut)
Eichhorn, Gustav	http://de.wikipedia.org/wiki/Gustav_Eichhorn	: Leuträer: 33; Johannisstr. 19	: (1934) Coll. Jen., verloren um 1973; E
Eichhorn, Johann Gottfried	http://de.wikipedia.org/wiki/Johann_Gottfried_Eichhorn	: Jenergasse (9)	: (1858) ebd., verloren, erneuert 1929 und 1987
Eichstädt, Karl Heinrich Abraham	http://de.wikipedia.org/wiki/Heinrich_Karl_Eichst%C3%A4dt	: Engelplatz (8), Am Kreuz (4): 1. (1858) Engelplatz 8, neue Anbringung: (1906) Am Kreuz 4, Gebäude 1945 zerstört; 2. (1839) an der Linde im Kollegienhof; 3. (1929) Bibliotheksplatz (UB), Gebäude 1945 zerstört; 4. (nach 1991) Engelplatz 8 (Nachfolgebau)
Endemann, Friedrich		: A. d. Graben	: (vor 1934) Fürstengraben 16, verloren
Endemann, Wilhelm Samuel		: u. a. Sonnenbergstr., Grietgasse 10, Beethovenstr. 44	
Eppenstein, Otto		: u. a. Sonnenbergstr., Grietgasse 10, Beethovenstr. 44	: (nach 1991) Beethovenstr. 44
Erdmannsdörfer, Bernhard		: Jenergasse, V. d. Johannistor	: 1. (vor 1928) Jenergasse 14 (für C. Erdmannsdörfer?); 2. (vor 1934) Fürstengraben 19 (= dasselbe Gebäude), verloren
Ersch, Johann Samuel	http://de.wikipedia.org/wiki/Ersch	: Jenergasse (11)	: 1. (1858) ebd.; 2. (1929) Bibliotheksplatz (UB), Gebäude 1945 zerstört; 3. (nach 1990) Goetheallee 23
Eucken, Rudolf	http://de.wikipedia.org/wiki/Rudolf_Eucken	: Neugasse (21), Forstweg (22), Botzstr. 5	: (1980) Dr.-Otto-Nuschke-Str. 5
Falkner, Albert		: Zwätzengasse (2), Saalbahnhofstr. (5), Unt. Löbdergraben (15 und 14)	: (vor 1928) Löbdergraben 23, verloren um 1980
Fernow, Carl Ludwig	http://de.wikipedia.org/wiki/Fernow	: Fürstengraben (18)	: (1858) Goetheallee 18
Feuerbach, Paul Johann Anselm Ritter von	http://de.wikipedia.org/wiki/Paul_Johann_Anselm_von_Feuerbach	: Leutragasse (5)	: 1. (1858) Johannisstr. 21, vor 1934 verloren; 2. (nach 1991) Coll.Jen.
Fichte, Johann Gottlieb	http://de.wikipedia.org/wiki/Johann_Gottlieb_Fichte	: Leutragasse (5), Unterm Markt (12a); 	: 1. (1858) Unterm Markt 12a, erneuert 1987; 2. (vor 1934) Leutrastr. 5, Gebäude 1945 zerstört
Fick, Johannes Jacob		:	H. d. Kirche (1)	:	(1977) Teichgraben 7 (Anatomisches Institut)
Fischer, Gustav Paul Danckert	http://de.wikipedia.org/wiki/Gustav_Fischer	: Jüdengraben	: (nach 1991) Villengang 2a
Fischer, Kuno	http://de.wikipedia.org/wiki/Kuno_Fischer	: Eichplatz, Fürstengraben, Holzmarkt, Löbdergraben (32), Leutragasse (5)	: 1. (vor 1928) Löbdergraben 32, verloren; 2. (vor 1928) Leutrastr. 5, Gebäude 1945 zerstört; E
Flacius (Vlacich) Illyricus, Matthias	http://de.wikipedia.org/wiki/Flacius	: H. d. Rinne/Kollegiengasse	: 1. (1858) H. d. Rinne 9, Gebäude 1969 abgerissen, 2. (nach 1991) Co11. Jen.
Follen, Karl Theodor Christian Friedrich	http://de.wikipedia.org/wiki/Karl_Follen	: Am Rähmen (15)	: (1858) ebd., verloren vor 1934; E
Fortlage, Carl		: Neugasse (21)	: 1. (vor 1928) Engelplatz 11, verloren vor 1934, 2. (nach 1991) Neugasse 21
Frege, Gottlob	http://de.wikipedia.org/wiki/Gottlob_Frege	: Saumarkt, Forstweg (29)	: (1983) Prof.-Ibrahim-Str. 29
Friderici, Johann Arnold		: unbekannt	: (1929) Teichgraben 7 (Anatomisches Institut), erneuert 1977
Fries, Jakob Friedrich	http://de.wikipedia.org/wiki/Jakob_Friedrich_Fries	: Nonnenplan, Leutragasse (5)	: 1. (1858) Leutrastr. 5, Gebäude 1945 zerstört.; 2. (nach 1991) Coll. Jen.
Frommann, Carl Friedrich Ernst	http://de.wikipedia.org/wiki/Carl_Friedrich_Ernst_Frommann	: Fürstengraben (18), Löbdergraben (6); 	: 1. (1858) Goetheallee 18; 2. (vor 1928) Ernst-Thälmann-Ring 6; 3. (1988) Markt 19 (= Vorderhaus)
Frommann, Friedrich Johann		: Fürstengraben (18), Löbdergraben (6); 	:1. (vor 1934) Fürstengraben 18, verloren um 1934; 2. (vor 1934) Ernst-ThälmannRing 6; 3. (1988) Markt 19 (= Vorderhaus)
Froriep, Ludwig Friedrich von		: Jenergasse (9)	: (1858) ebd., erneuert 1929 und 1987
Fuchs, Johann Friedrich		: H. d. Kirche, Schloß, Kollegiengasse (22)	: (1858) Kollegiengasse23, verloren vor 1934
Fürbringer, Max	http://de.wikipedia.org/wiki/Max_F%C3%BCrbringer		
Gabler, Johann Philipp	http://de.wikipedia.org/wiki/Johann_Philipp_Gabler	: Leutragasse (5)	: (1858) ebd., Gebäude 1945 zerstört
Gärtner, August Hieronymus	http://de.wikipedia.org/wiki/August_G%C3%A4rtner	: Kahlaische Str. (3), Carl-Alexander-Platz (5), Magdelstieg 2	: (nach 1934) Magdelstieg 2
Gagern, Heinrich Frhr. von	http://de.wikipedia.org/wiki/Heinrich_von_Gagern	: unbekannt	: (1929) Leutrastr. 5, Gebäude 1945 zerstört; E
Gall, Johann (Franz) Joseph	http://de.wikipedia.org/wiki/Franz_Joseph_Gall	: Markt 22 ("Zur Sonne")	: (1858) ebd., verloren vor 1934
Gegenbaur, Carl	http://de.wikipedia.org/wiki/Carl_Gegenbaur	: Sitzenplan, V. d. Neutor	: 1. (vor 1928) Erbertstr. 2; 2. (1929) Teichgraben 7 (Anatomisches Institut), erneuert 1977
Gelzer, Heinrich	http://de.wikipedia.org/wiki/Heinrich_Gelzer	: Am Landgrafen, Zwätzengasse, Kahlaische Str.	: (vor 1928) Kahlaische Str. 4, erneuert 1929
Gensler, Johann Caspar		: Markt (5)	: (1858) ebd., Gebäude 1945 zerstört
Gerber, Karl Friedrich Wilhelm von	http://de.wikipedia.org/wiki/Karl_von_Gerber	:	H. d. Rinne;		:	(vor 1929)	Unterm Markt 4, verloren vor 1934
Gerhard, Johann	http://de.wikipedia.org/wiki/Johann_Gerhard	: Johannisgasse (19), Jenergasse (10/11) (Kellerhaus "Zum güldenen Stern")	: 1. (1858) Jenergasse 10, Gebäude 1945 zerstört; 2. (1929) Kollegienkirche, Gebäude 1945 zerstört; 3. (1991) Johannisstr. 19
Gerhardt, Karl Adolf Christian Jakob; 		: V. d. Johannistor, Zwätzengasse	: (vor 1934) Zwätzengasse 9, verloren, erneuert 1989
Gerstenberg, Heinrich Wilhelm von	http://de.wikipedia.org/wiki/Heinrich_Wilhelm_von_Gerstenberg	: unbekannt	: (1858) Saalstr. 12/13, verloren vor 1934, erneuert 1990 (Nachfolgebau)
Gesner, Johann Matthias	http://de.wikipedia.org/wiki/Johann_Matthias_Gesner	: unbekannt	: (1858) Ernst-ThälmannRing 28, erneuert 1983
Geyer, Günter		: Leninstr. 4, Zwätzengasse 1, Langetal 4a; 	: (1983) Teichgraben 7 (Anatomisches Institut) 
Glass(ius), Salomo	http://de.wikipedia.org/wiki/Salomo_Glassius	: Jenergasse (10/11), Johannisgasse (12)	: (1858) Markt 16, verloren vor 1934
Goering, Reinhard	http://de.wikipedia.org/wiki/Reinhard_Goering	: Bismarckstr. 7, Johannisstr. 14	: (1989) Johannisstr. 14
Goerttler, Viktor		: Dornburger Str. 25	: (nach 1991) ebd.
Goethe, Johann Wolfgang von	http://de.wikipedia.org/wiki/Goethe	: "Güne Tanne", "Schwarzer Bär", Schloß, Schloßgasse (9), Fürstengraben (26)	: 1. (1858) Goetheallee 26; 2. (1858) Wenigenjenaer Ufer 1 ("Günne Tanne"); 3. (1858) Schloßgasse 9, verloren vor 1934; 4. (um 1905) Erfurter Str. 98 (ehemaliges Schloßtor); 5. (nach 1934) Markt 22 ("Zur Sonne"), verloren 1973; 6. (nach 1945) Unterm Markt 1 (Mauerrest); 7. (1977) Anatomieturm
Goettling, Johann Friedrich August		: Jenergasse (15)	: (1858) ebd., verloren nach 1934, erneuert 1991
Goettling, Karl Wilhelm	http://de.wikipedia.org/wiki/Karl_Wilhelm_G%C3%B6ttling	: Jenergasse (15)	: 1. (vor 1928) ebd., verloren nach 1934; 2. (1929) Bibliotheksplatz (UB) , Gebäude 1945 zerstört; 3. (1991) Jenergasse 15
Gräfe, Heinrich	http://de.wikipedia.org/wiki/Heinrich_Graefe	: H. d. Kirche	: (vor 1934) H. d. Kirche 5, Gebäude 1945 zerstört
Gries, Johann Diederich	http://de.wikipedia.org/wiki/Johann_Diederich_Gries	: Löbdergasse (12)	: (1858) ebd., Gebäude 1945 zerstört; E
Griesbach, Johann Jakob	http://de.wikipedia.org/wiki/Johann_Jakob_Griesbach	: Schloßgasse (17), Griesbachgarten	: 1. (1858) Schloßgasse 17, Gebäude 1945 zerstört; 2. (vor 1900) Am Planetarium 7 (Griesbachgarten), gestohlen 1979, erneuert 1990; 3. (1990) Ernst-Thälmann-Ring 15a
Grimm, Willibald Karl Ludwig		: Leutragasse (5)	: (vor 1928) ebd., Gebäude 1945 zerstört
Grolman(n), Carl Wilhelm von	http://de.wikipedia.org/wiki/Karl_von_Grolman	: Leutragasse	: (1858) Leutrastr. 32, erneuert 1929, Gebäude 1968/69 abgebrochen
Gropius, Walter	http://de.wikipedia.org/wiki/Walter_Gropius	: unbekannt	: (1983) Schaefferstr. 9
Großmann, Christian Gottlob Leberecht	http://de.wikipedia.org/wiki/Christian_Gottlob_Gro%C3%9Fmann	: Leutragasse (20)	: (1858) ebd., verloren vor 1934
Gruber, Johann Gottfried		: Unterlauengasse (12)	: 1. (1858) ebd., neue Anbringung (um 1900): Unterm Markt 12a, verloren; 2. (1989) Unterm Markt 12 (Hofseite)
Gruner, Christian Gottfried		: Jenergasse (6)	: (1858) ebd., erneuert 1989
Güldenapfel, Georg Johann Gottlieb		: Leutragasse (5), Jenergasse (16)	: (1929) Bibliotheksplatz (UB), Gebäude 1945 zerstört; E
Günther, Johann Christian	http://de.wikipedia.org/wiki/Johann_Christian_G%C3%BCnther	: Leutragasse	: 1. (1858) Paradiesstr. 1, verloren vor 1934; 2. (1923) Johannisfriedhof, neue Anbringung (1978): Coll. Jen.; 3. (1978) Johannisfriedhof (Kopie von 2.)
Guericke, Otto von	http://de.wikipedia.org/wiki/Guericke	: unbekannt	: (1858) Neugasse 23, erneuert 1929 und 1989
Guyet, Carl Julius		: Unterm Markt	: (vor 1928) Unterm Markt 4, verloren 1973
Haeckel, Ernst	http://de.wikipedia.org/wiki/Haeckel	: V. d. Zwätzentor, Neugasse (20), V. d. Neutor	: 1. (vor 1928) Neugasse 20, erneuert 1987; 2. (vor 1928) Jenergasse 14, verloren nach 1934; 3. (vor 1934) Marienstr. 9, Gebäude abgerissen 1987; 4. (vor 1928) Berggasse 7
Hagedorn, Friedrich von	http://de.wikipedia.org/wiki/Friedrich_von_Hagedorn	: unbekannt	: (1858) Zwätzengasse 16, verloren vor 1934, erneuert 1991
Hahn, Georg Friedrich von		: Löbdergasse, Unterm Markt	: (vor 1928) Unterm Markt 4, verloren 1973
Hallbauer, Friedrich Andreas		: Johannisgasse (26)	: (nach 1991) Weigelstr. 7
Haller, Albrecht von	http://de.wikipedia.org/wiki/Albrecht_von_Haller	: vermutlich Kollegiengasse (22), Camsdorfer Freigut	: (1858) ebd., erneuert 1929 ("Grüne Tanne"), neue Anbringung: Camsdorfer Ufer 1, erneuert 1991
Hallmann, Johann Christian	http://de.wikipedia.org/wiki/Johann_Christian_Hallmann	: unbekannt	: (nach 1991) Coll. Jen.
Hamberger, Georg Albrecht		: Johannisgasse (26) ("Weigelsches Haus"); 	: 1. (1858) Schloßgasse 17, Gebäude 1945 zerstört; 2. (nach 1991) Weigelstr. 7
Hand, Ferdinand Gotthelf	http://de.wikipedia.org/wiki/Ferdinand_Gotthelf_Hand	: Jenergasse (6)	: (1858) ebd., erneuert 1989
Harnack, Arvid	http://de.wikipedia.org/wiki/Arvid_Harnack	: Westendstr. 20	: 1. (1975) UHG (Foyer) L; 2. (1983) Westendstr. 20
Hartenstein, Gustav	http://de.wikipedia.org/wiki/Gustav_Hartenstein	: Bachgasse (19)	: (1929) Bibliotheksplatz (UB), Gebäude 1945 zerstört
Hase, Joh. Chr.		: Unterlauengasse (2), Unterlauengasse (9) (Eigentümer), Philosophenweg (46) (Gartenhaus)	: (vor 1934) Rathausgasse 1, Gebäude 1945 zerstört
Hase, Karl August von	http://de.wikipedia.org/wiki/Karl_von_Hase	: Unterlauengasse (2), Unterlauengasse (9) (Eigentümer), Philosophenweg (46) (Gartenhaus)	: 1. (vor 1928) Unterlauengasse 2, Gebäude 1945 zerstört; 2. (1991) Unterlauengasse 9
Hase, Karl Benedikt (Charles Benoit Hase)	http://de.wikipedia.org/wiki/Karl_Benedikt_Hase	: Leutragasse (5)	: (1858) Löbderstr. (5), erneuert 1929, verloren nach 1934; E
Hasse, Johann Christian		: Unterlauengasse (14)	: 1. (1858) Unterlauengasse 14, Gebäude um 1900 abgerissen, neue Anbringung: Unterm Markt 12a, verloren nach 1934; 2. (1989) Unterm Markt 12 (Hofseite)
Hauptmann, Carl	http://de.wikipedia.org/wiki/Carl_Hauptmann	: Leutragasse (5)	: (1989) Dr.-OttoNuschke-Str. 5
Hauptmann, Gerhart	http://de.wikipedia.org/wiki/Gerhart_Hauptmann	: Leutragasse (5)	: 1. (vor 1928) Lentrastr. (5), Gebäude 1945 zerstört; 2. (1989) Dr.-Otto-Nuschke-Str. 5
Hegel, Georg Wilhelm Friedrich	http://de.wikipedia.org/wiki/Hegel	: vermutlich Unterlauengasse (15)	: 1. (1858) Unterlauengasse 15, Gebäude um 1900 abgerissen, neue Anbringung: Unterm Markt 12a, verloren nach 1934; 2. (vor 1928) Fürstengraben 16, verloren vor 1934; 3. (vor 1949) UHG (Foyer); 4. (1988) Ernst-Thälmann-Ring 11 (Hofseite)
Heider, Wolfgang		: Coll. Jen., evtl. auch Löbdergasse	: (nach 1991) Coll. Jen.
Heinrich, Christoph Gottlob		: Kollegiengasse (22)	: (1858) ebd., verloren vor 1934
Hellfeld, Christian August Friedrich von		: B. Rathaus, Neugasse (23)	: (1989) Neugasse 23
Hellfeld, Johann August von		: B. Rathaus, Neugasse (23) (Eigentümer); 	: 1. (1858) Postgasse 7, Gebäude 1945 zerstört; 2. (nach 1934) Neugasse 23, erneuert 1989
Henke, Ernst Ludwig Theodor		: Bachgasse/Quergasse (15) ("Zur Schweiz")	: (1929) ebd.
Hennings, Justus Christian		: Kollegiengasse (7)	: (1858) ebd., Gebäude 1945 zerstört
Herbart, Johann Friedrich	http://de.wikipedia.org/wiki/Herbart	: Leutragasse (5)	: (1858) ebd., befand ,ich 1934 Leutrastr. 7, Gebäude 1945 zerstört; E
Hermann, Johann Gottfried Jakob		: Schloßgasse (9)	: (1858) ebd., verloren vor 1934
Hertwig, Oskar	http://de.wikipedia.org/wiki/Oscar_Hertwig		
Hertwig, Richard (von)	http://de.wikipedia.org/wiki/Richard_Hertwig	: Unterm Markt (1), Teichgraben (b. Huschke), Am Prinzessinnengarten (9)	: (vor 1934) Marienstr. 9, Gebäude 1987 abgerissen
Herzlieb, Wilhelmine (gen. Minchen)	http://de.wikipedia.org/wiki/Herzlieb	: Fürstengraben (18), Johannisgasse (16)	: (1928) Johannisstr. 16, 1977 erneuert
Heß, Christian Ludwig		: Jenergasse (16), Leutragasse (5), Bachgasse	: (1991) Jenergasse 16
Hesse, Gustav		: Stoystr. 2, Botzstr. 9	: (nach 1934)Dr.Otto-Nuschke-Str. 9
Hettner, Gerhard		: Johann-Friedrich-Str. 27	: (nach 1945) Helmholtzweg 5 (Physikalisches Institut)
Hettner, Hermann		: Kirchplatz, Am Erfurter Tor	: (vor 1928) Am Kreuz 4, Gebäude 1945 zerstört; E
Heym, Georg	http://de.wikipedia.org/wiki/Georg_Heym	: Schützenstr.	: (1989) Zwätzengasse 14
Hildrichs (Hildericus von Varel), Edo		: unbekannt	: (1858) Am Kreuz 4, Gebäude 1945 zerstört
Hilgenfeld, Adolf	http://de.wikipedia.org/wiki/Adolf_Hilgenfeld	: Kollegiengasse, Paradiesgasse, Markt, Unterm Markt, Fürstengraben (18)	: (vor 1928) Goetheallee 18
Hilgenfeld, Heinrich Karl Otto		: Fürstengraben 18	: (nach 1945) Goetheallee 18
Himly, Karl Gustav	http://de.wikipedia.org/wiki/Himly	: B. Rathaus	: (1858) Postgasse 7, Gebäude 1945 zerstört
Hirzel, Rudolf		: Unt. Löbdergraben, Käsernenstr. (7), Forstweg (29)	: (vor 1928) Prof.-IbrahimStr. 29
Hodler, Ferdinand	http://de.wikipedia.org/wiki/Ferdinand_Hodler	: Botzstr. 5	: (1980) Dr.-Otto-Nuschke-Str. 5
Hölderlin, Friedrich	http://de.wikipedia.org/wiki/H%C3%B6lderlin	: vermutlich Unterlauengasse, Grietgasse (Voigts Gartenhaus), Gartenhaus am Fuße des Hausbergs	: 1. (1858) Zwätzengasse 16, verloren vor 1934; 2. (nach 1991) Unterlauengasse 9
Höllein, Emil		: Kronfeldstr. 16, Löbdergraben 19, Jenerzasse 12 und 6	: (nach 1991) Jenergasse 12
Höroldt (auch Herold), Johann Gregor(ius)	http://de.wikipedia.org/wiki/H%C3%B6roldt	: Markt (20) (Geburtshaus)	: (nach 1991) ebd.
Hoffmann, Andreas Gottlieb		: Zwätzengasse (9)	: (1929) ebd., erneuert 1989
Hoffmann, Friedrich	http://de.wikipedia.org/wiki/Friedrich_Hoffmann	: unbekannt	: 1. (1858) Krautgasse, verloren vor 1934; 2. (nach 1991) Coll. Jen.
Hoffmann von Fallersleben, August Heinrich	http://de.wikipedia.org/wiki/August_Heinrich_Hoffmann_von_Fallersleben	: unbekannt	: (nach 1934) Markt 22 ("Zur Sonne"), verloren 1973
Holzmann-Czapski, Helene		: Forstweg 23	: (nach 1991) Prof.-Ibrahim-Str. 23
Huch, Ricarda	http://de.wikipedia.org/wiki/Ricarda_Huch	: Forstweg 16, Sophienstr. 1, Ob. Philosophenweg 72	: (1964) Ricarda-HuchWeg 26
Hufeland, Christoph Wilhelm	http://de.wikipedia.org/wiki/Christoph_Wilhelm_Hufeland	: Fürstengraben (18)	: (1858) Goetheallee 18
Hufeland, Gottlieb	http://de.wikipedia.org/wiki/Gottlieb_Hufeland	: Engelplatz (8), Leutragasse (5)	: (1858) Engelplatz 8, Gebäude 1900 abgerissen, erneuert 1991 (Nachfolgebau)
Humboldt, Alexander Frhr. von	http://de.wikipedia.org/wiki/Alexander_von_Humboldt	: vermutlich Unterm Markt (4)	: 1. (1858) Postgasse 7, verloren vor 1934; 2. (vor 1928) Unterm Markt 4, verloren 1973, erneuert 1990, 3. (1989) Wöllnitzer Str. (,Teufelslöcher")
Humboldt, Wilhelm Frhr. von	http://de.wikipedia.org/wiki/Wilhelm_von_Humboldt	: vermutlich Unterm Markt (4)	: 1. (1858) Postgasse 7, Gebäude 1945 zerstört; 2. (1858) Zwätzengasse 9, verloren vor 1934; 3. (vor 1934) Unterm Markt 4, verloren 1973, erneuert 1990
Hund, Friedrich	http://de.wikipedia.org/wiki/Friedrich_Hund	: Von-Hase-Weg 19, Otto-Devrient-Str. 16a	: (nach 1951) Helmholtzweg 5 (Physikalisches Institut)
Husanus (eigtl. Hansen), Heinrich		: H. d. Kirche (7/8)	: (nach 1934) Goetheallee 8
Huschke, Emil		: Unterm Markt, Schloßgasse, Teichgraben	: (1858) Teichgraben, Gebäude um 1900 abgerissen (wegen Bau Schillerstr.), neue Anhringung: Teichgraben7 (Anatomisches Institut), erneuert 1929 und 1977
Ibrahim, Murad Jussuf Bey	http://de.wikipedia.org/wiki/Jussuf_Ibrahim	: Sophienstr. 7, Kasernenstr. 10	: (1963) Rathenaustr. 10
Ilgen, Karl David		: B. Rathaus	: (1858) Postgasse7, Gebäude 1945 zerstört
Jacobs, Christian Friedrich	http://de.wikipedia.org/wiki/Friedrich_Jacobs_%28Philologe%29	: B. Rathaus	: (1858) Postgasse 7, Gebäude 1945 zerstört
Jahn, Friedrich Ludwig	http://de.wikipedia.org/wiki/Friedrich_Ludwig_Jahn	: unbekannt	: (1858) Löbderstr. 4, verloren vor 1934; E
Johann Friedrich L, der Großmütige	http://de.wikipedia.org/wiki/Johann_Friedrich_I._%28Sachsen%29	: Schloß: 	: 1. (1832) Fürstenbrunnen, erneuert 1973; 2. (vor 1934) Lutherplatz 2 ("Schwarzer Bär"); 3. (1979) Coll. Jen.
Joos, Georg	http://de.wikipedia.org/wiki/Georg_Joos	: Kaiser-Wilhelm-Str. 7a	: (nach 1945) Helmholtzweg 5 (Physikalisches Institut)
Jung, Franz	http://de.wikipedia.org/wiki/Franz_Jung	: Zwätzengasse 14: 	: (1989) ebd.
Kalkowsky, Ernst		: Wagnergasse (28), Weimar-Geraer-Bahnhofstr. (9), Lichtenhainer Str. (1)	: (1929) Schillerstr. (Mineralogisches Institut), Gebäude 1945 zerstört
Kaltschmid, Karl Friedrich		: Markt (5), 	: 1. (1858) ebd., verloren 1933; 2. (1977) Teichgraben 7 (Anatomisches Institut)
Karl V.	http://de.wikipedia.org/wiki/Karl_V._%28HRR%29	: Schloß	: (um 1905) Erfurter Str. 98 (ehemaliges Schloßtor)
Keller, Oskar		: Unt. Philosophenweg (29), Johann-Griesbach-Str. (9)	: (vor 1971) Neugasse 24 (ehemaliges Pharmazeutisches Institut)
Kessel, Johannes		: Erfurter Str., Berggasse (1), V. d. Neutor (2)	: (nach 1934) Quergasse 15
Kieser, Dietrich Georg von	http://de.wikipedia.org/wiki/Dietrich_Georg_von_Kieser	: Eichplatz, Am Paradies	: (vor 1928) Paradiesgasse 3, verloren nach 1934; E
Kirch, Gottfried		: unbekannt	: (1858) Johannisplatz 10, verloren nach 1934; E
Kirchner, Ernst Ludwig	http://de.wikipedia.org/wiki/Ernst_Ludwig_Kirchner	: Erfurter Str. 74	: (nach 1991) ebd.
Kläber, Kurt (Ps. Kurt Held)	http://de.wikipedia.org/wiki/Kurt_Kl%C3%A4ber	: Frauengasse 20 (Geburtshaus), Katharinenstr. 9, 	: (1989) Frauengasse 20 (Nachfolgebau)
Klingemann, Ernst August Friedrich	http://de.wikipedia.org/wiki/Ernst_August_Friedrich_Klingemann	: Leutragasse (5)	: (1858) Löbdergraben 24, verloren vor 1934
Klopfleisch, Friedrich	http://de.wikipedia.org/wiki/Klopfleisch	: Fürstengraben (20), Löbstedter Str. (11)	: (1929) Coll. Jen., verloren um 1973; E
Klopstock, Friedrich Gottlieb	http://de.wikipedia.org/wiki/Klopstock	: unbekannt	: 1. (1858) Holzmarkt 1, verloren vor 1934; 2. (nach 1991) Coll. Jen.
Kluge, Friedrich	http://de.wikipedia.org/wiki/Friedrich_Kluge	: Weimar-Geraer-Bahnhofstr., Fürstengraben (18)	: (1929) Goetheallee 18
Knebel, Karl Ludwig von	http://de.wikipedia.org/wiki/Karl_Ludwig_von_Knebel	: Schloß, Neugasse (23), Am Paradies	: 1. (1858) Am Paradies, verloren 1971; 2. (1858) Neugasse 23, erneuert 1989
Knopf, Otto Heinrich		: Schillergäßchen 2, Humboldtstr. 16	: (1976) Schillergäßchen 2
Knorr, Ludwig	http://de.wikipedia.org/wiki/Ludwig_Knorr	: Kahlaische Str. (9)	: (1929) ebd., verloren vor 1934; E
Koch, Hermann		:	Weimar-Geraer-Bahnhofstr. (14);		: (vor 1934) ebd., verloren nach 1934
Körner, Fritz Karl Heinrich		: Jenertal 17	: (1977) Teichgraben 7 (Anatomisches Institut), verloren 1987
Körner, Johann Christian Friedrich		: Grietgasse (10)	: (1976) Schillergäßchen 2
Kolesch, Karl		:	Felsenkellerstr.(19),	Forstweg 14;		: (vor 1928) Forstweg 14, verloren nach 1934
Kollar, Jan	http://de.wikipedia.org/wiki/Jan_Kollar	: Nonnenplan (9), Pfarrhaus Lobeda; GT 1. (1858) Nonnenplan 9, verloren vor 1934; 2. (1984) Lobeda, Ernst-Thälmann-Str. 4	: (um 1934) Fürstengraben 19, verloren; bereits damals war über diesen Namensträger nicht mehr zu ermitteln
Kopp, Christian		: vermutlich Jenergasse (14)	: (um 1934) Fürstengraben 19, verloren; bereits damals war über diesen Namensträger nicht mehr zu ermitteln
Koßmann, Robby August		: vermutlich Jenergasse (14)	: (vor 1928) ebd.
Kotzebue, August von	http://de.wikipedia.org/wiki/August_von_Kotzebue	: unbekannt	: (1858) Wagnergasse27, verloren nach 1934; E
Krause, Carl Christian Friedrich		: Am Rähmen (21)	: (1858) ebd., erneuert 1991
Krehl, Ludolf	http://de.wikipedia.org/wiki/Ludolf_von_Krehl	: Stoystr. 2	: (nach 1934) Stoystr. 3
Kreußler, Wilhelm		: u. Fechtboden (Wilhelm und Friedrich): Oberlauengasse(19)	: (1990) ebd.; W. und Fechtboden (Gottfried, Johann Wilhelm, Heinrich Wilhelm und Bieglein-Kreußler): Unterlauengasse(15)
Krug, Wilhelm Traugott	http://de.wikipedia.org/wiki/Wilhelm_Traugott_Krug	: unbekannt.	: (1858) Löbderstr. 5, verloren vor 1934
Kuhlmann, Quirinus	http://de.wikipedia.org/wiki/Quirinus_Kuhlmann	: Jenergasse (10)	: (nach 1990) Jenergasse 1
Kuhnt, Hermann		: Johannisgasse, Gartenstr. (1)	: (1929) Stoystr. 3
Kuithan, Erich		: Reuterstr. 59, Beethovenstr. 34a	: (nach 1991) Beethovenstr. 34a
Kulenkampff, Helmuth		: Urbanstr. 2, Joh.-Griesbach-Str. 20	: (nach 1945) Helmholtzweg 5 (Physikalisches Institut) 
Lange, Ferdinand		: Am Rähmen, A. d. Graben, Schloßgasse; 	: (1975) Philosophenweg (Mauer des Johannisfriedhofs)
Langenbeck, Konrad Johann Martin	http://de.wikipedia.org/wiki/Konrad_Johann_Martin_Langenbeck	: Schloßgasse (12)	: (1858) ebd., verloren nach 1934
Langethal, Christian Eduard		: Zwätzengasse, Unterm Markt, Löbdergasse (3), Saalgasse, Leutragasse (1)	: (vor 1928) Leutrastr. 1, Gebäude 1945 zerstört; 2. (1990) Ernst-Thälmann-Ring 15a
Leibniz, Gottfried Wilhelm	http://de.wikipedia.org/wiki/Gottfried_Wilhelm_Leibniz	: unbekannt	: 1. (1858) Johannisstr. (26) ("Weigelsches Haus"), Gebäude 1898 abgerissen; 2. (vor 1949) UHG (Foyer); 3. (nach 1991) Coll. Jen.
Leist, Carl Burkhardt Wilhelm		: Markt, Fischergasse, Zwätzengasse(9)	: (1929) Zwätzengasse 9, erneuert 1989
Lemke, Rudolf Hermann		: Am Rähmen 2l	: (1986) Philosophenweg 3 (Klinik für Psychiatrie und Neurologie)
Lenz, Georg			
Lenz, Johann Georg		: Johannisgasse(15)	: (1929) Schillerstr. (Minerologisches Institut), Gebäude 1945 zerstört; E
Leskien, August Johann Heinrich	http://de.wikipedia.org/wiki/Leskien	: unbekannt.	: (vor 1934) Marienstr. 9, Gebäude 1987 abgerissen
Leupold, Jacob	http://de.wikipedia.org/wiki/Jacob_Leupold	: unbekannt	: (1858) Johannisstr. 23, Gebäude 1945 zerstört
Lichtenstein, Martin Heinrich Carl	http://de.wikipedia.org/wiki/Martin_Lichtenstein	: unbekannt	: (1858) Löbderstr. 12, Gebäude 1945 zerstört
Liebknecht, Karl	http://de.wikipedia.org/wiki/Karl_Liebknecht	: Wiesenstr. 10	: (1966) Zwätzengasse 16, erneuert 1989
Liebmann, Otto	http://de.wikipedia.org/wiki/Otto_Liebmann	: Unt. Jüdengraben	: (1929) Villengang 3
Liebmann, Paul		: unbekannt	: (nach 1991) Coll. Jen.
Limnäus (eigtl. Wirn), Georg		: unbekannt	: (nach 1991) Coll. Jen.
Linck, Gottlob Eduard		: Carl-Zeiß-Platz 3, Wildstr. 16, Otto-Devrient-Str. 4; 	: (nach 1991) Otto-DevrientStr. 4
Lipsius, Justus	http://de.wikipedia.org/wiki/Justus_Lipsius	: unbekannt	:1. (1858) Eichplatz (2) (Jüdenmühle), Gebäude 1969 abgerissen; 2. (nach 1991) Coll. Jen.
Lipsius, Richard Adalbert			
Liscow, Christian Ludwig	http://de.wikipedia.org/wiki/Liscow	: unbekannt	: (1858) Wagnergasse 31
Liszt, Franz (von)	http://de.wikipedia.org/wiki/Liszt	: Am Prinzessinnengarten (9), Schillerstr., Ob. Philosophenweg (5), Carl-Zeiß-Platz	: (nach 1991) Goetheallee 7
Litzmann, Berthold		: Am Prinzessinnengarten (9), Schillerstr., Ob. Philosophenweg (5), Carl-Zeiß-Platz	: (nach 1991) Carl-Zeiß-Platz 4
Lobeck, Christian August		: unbekannt	: (1858) Zwätzengasse 16, verloren nach 1934
Loder, Justus Christian von	http://de.wikipedia.org/wiki/Loder	: Schloß	: 1. (1858) Schloß, Gebäude 1904/05 abgerissen; 2. (1929) Teichgraben 7 (Anatomisches Institut), erneuert 1977; 3. (nach 1945) Jenergasse 8, erneuert nach 1991
Loening (bis 1875 Löwenthal), Richard		: V. d. Erfurter Tor, Hohe Str. (8)	: (1929) Hohe Str. 8; verloren nach 1934; E
Löscher, Valentin Ernst	http://de.wikipedia.org/wiki/Valentin_Ernst_L%C3%B6scher	: unbekannt	: (1858) H. d. Rinne 9, verloren vor 1934
Lorenz, Ottokar		: Johannisgasse, Kasernenstr. (7)	: (vor 1934) Kasernenstr. 7, verloren nach 1934
Lubosch, Wilhelm		: Engelstr. (7), Carl-Zeiß-Platz (1)	: (1977) Teichgraben7 (Anatomisches Institut)
Luden, Heinrich	http://de.wikipedia.org/wiki/Heinrich_Luden	: H. d. Kirche, Unterm Markt (2), Leutragasse (5), Über der Engelbrücke: 1. (1858) Leutrastr. 5, Gebäude 1945 zerstört; 2. (vor 1934) Westbahnhofstr. 3, verloren nach 1934; 3. (vor 1934) Schloßgasse 17, Gebäude 1945 zerstört; 4. (1990) Unterm Markt 2
Luden, Johann Heinrich Gottlieb		: Leutragasse (5), Jenergasse, Eichplatz, Fürstengraben (30)	: (vor 1934) Fürstengraben 30, verloren nach 1934
Ludwig, August		: Von-Hase-Weg 11	: (1961) ebd.
Ludwig, Friedrich Hermann		: Schloßgasse (17), Leutragasse (10); 	: (1987) Neugasse 24 (ehemaliges Pharmazeutisches Institut)
Luther, Martin	http://de.wikipedia.org/wiki/Luther	: Lutherplatz 2 ("Schwarzer Bär")	: 1. (1858) ebd.; 2. (um 1905) Erfurter Str. 98 (ehemaliges Schloßtor)
Luther, Paul	http://de.wikipedia.org/wiki/Paul_Luther	: unbekannt	: (1858) Neugasse 23, erneuert 1989
Lyncker, Nikolaus Christoph von		: Unterm Markt (1), Schloßgasse (3) (Eigentümer); 	: (1858) Unterm Markt 1, Gebäude 1945 zerstört; E
Macan, Reginald		: unbekannt	: (vor 1928) Jenergasse 14
Major, Johann		: H. d. Kirche (5) (Superintendentur); 	: 1. (1858) ebd., Gebäude 1945 zerstört, 2. (vor 1928) Goetheallee 18
Mann, Thomas		: Weimar	: (1991) Goetheallee7
Manso, Johann Caspar Friedrich		: unbekannt	: (1858) Postgasse 7, Gebäude 1945 zerstört
Marezoll, Johann Gottlob		: H. d. Kirche (5) (Superintendentur), Schillergäßchen (2) (Eigentümer)	: (1858) H. d. Kirche 5, Gebäude 1945 zerstört
Marshall, William		: Jenergasse (14)	: (vor 1934) ebd.
Martin, Christoph Reinhard Dietrich		: Löbdergraben	: (1858) Ernst-Thälmann-Ring 28, erneuert 1983
Martin, Eduard Arnold		: Löbdergraben, Johannisgasse (16), Unterm Markt, Kollegiengasse	: (1929) Johannisstr. 16, erneuert 1976
Marx, Karl		: Quergasse 6, Schaefferstr. 14	: (vor 1949) UHG (Foyer)
Matthes, Hermann		: Quergasse 6, Schaefferstr. 14	: (1987) Neugasse 24 (ehemals Pharmazeutisches Institut)
Maurer, Friedrich		: Philosophenweg 20	: (1977) Teichgraben7 (Anatomisches Institut)
Melanchthon, Philipp		: Coll. Jen.	: (1858) Coll. Jen., erneuert 1979
Mellinger, Johann		: vermutl. H. d. Kirche	: (nach 1991) ebd.
Mereau, Friedrich Karl Ernst		: Jenergasse/H. d. Kirche	: (1929) Bibliotheksplatz (UB), Gebäude 1945 zerstört
Meyer, Christian Wilhelm Georg		: Forstweg (8), Neugasse	: (vor 1928) Forstweg 19, verloren nach 1934
Meyer, Johann Heinrich		: Griesbachsches Gartenhaus	: (um 1900) Am Planetarium 7, gestohlen 1979, erneuert 1990
Meyer-Steineg, Theodor		: Herderstr. 22, Roonstr. 6, Bismarckstr. 14 (Klinik); 	: (1990) Lasallestr. 6
Meyfart, Johann Matthäus		: unbekannt	: (1990) Johannisstr. (Stadtmauer)
Michael, Johann (gen. Michel Buchführer)		: Markt	: (1991) Markt 11
Michels, Viktor Karl Theodor		: Talstr. (1), Carl-Alexander-Platz (2)	: (1929) Alexander-Puschkin-Platz 2,
Michelsen, Andreas Ludwig Jacob		: Fürstengraben, Jenergasse	: 1. (vor 1928) Goetheallee 18; 2. (vor 1934) Unterm Markt 4, verloren 1973
Möser, Justus		: unbekannt	: (1858) Engelplatz 11, verloren nach 1934, erneuert nach 1991
Monner, Basilius		: Am Kreuz (4)	: (1979) Coll. Jen.
Mosen, Julius		: Jenergasse (6)	: (1858) ebd., verloren vor 1934, erneuert 1989
Mosengeil, Friedrich		: Paradiesgasse/Grietgasse, Heinrichsberg; 	: (vor 1900) Paradiesstr./Grietgasse, Gebäude um 1900 abgerissen, neue Anbringung: Johannisplatz 25, erneuert 1989
Müller, Karl Konrad		: Holzmarkt (2), Carl-Zeiß-Platz (1 und 6)	: (1929) Bibliotheksplatz (UB), Gebäude 1945 zerstört
Müller, Nicolaus Otto		: Löbdergasse (12)	: (vor 1934) ebd., Gebäude 1945 zerstört
Müller, Wilhelm		: Löbdergasse (12)	: (vor 1934) ebd., Gebäude 1945 zerstört
Münchow, Karl Dietrich von		: Schillergäßchen (2)	: (1858) ebd., erneuert 1976
Musäus, Johann Karl August		: unbekannt	: (1858) Markt 3 (Hofapotheke), Gebäude 1945 zerstört; E
Musäus (Meusel), Simon		: H. d. Kirche ("Wedelei")	: (1858) ebd., Gebäude 1880 abgerissen
Muther, Theodor		: B. Rathaus	: (1934) Ludwig-WeimarGasse 7, Gebäude 1945 zerstört
Mylius, Johann Christoph		: unbekannt	: (1929) Bibliotheksplatz (UB), Gebäude 1945 zerstört
Napoleon I. (Napoleon Bonaparte)		: Schloß	: (um 1905) Erfurter Str. 98 (ehemaliges Schloßtor)
Naumann, Ernst Carl Friedrich		: Neugasse, Wagnergasse, V. d. Erfurter Tor, Löbdergraben (6), Ernst-Haeckel-Platz (4)	: (1990) Ernst-Thälmann-Ring 6
Nees von Esenbeck, Christian Gottfried Daniel		: Lutherplatz, neben "Schwarzer Bär"; 	: (1858) ebd., Gebäude vor 1934 abgerissen
Neubauer, Johann Ernst		: unbekannt	: (1977) Teichgraben 7 (Anatomisches Institut)
Neubauer, Theodor		: Leutrastr. (25), Karolinenstr. (3), Bürgelsche Str. 55, St.-Jakob-Str. 12	: (1983) UHG (Foyer)-
Niedner, Johannes		: Jahnstr. 4, Kaiserin-Augusta-Str. 19, Humboldtstr. (7)	: (1929) Humboldtstr. 13, verloren nach 1934
Niethammer, Friedrich Immanuel		: A. d. Graben, Leutragasse (5)	: (1858) Leutrastr. 5, Gebäude 1945 zerstört.; E
Nipperdey, Carl Ludwig		: Sitzenplan, Leutragasse (33)	: (vor 1928) Leutrastr. 33, Gebäude 1945 zerstört
Nippold, Friedrich		:	Kasernenstr. (6),	Erfurter	Str. 9;		: (1929) Erfurter Str. 9, verloren nach 1934
Nonne, Hermann Rudolph		: Jenergasse 14	: (vor 1934) ebd., verloren nach 1934
Nothnagel, Hermann		: V. d. Neutor	: (vor 1928) Sellierstr. 6
Nottke		: Jenergasse (9)	: 1. (1858) ebd., verloren nach 1934; 2. (vor 1934) Goetheallee 25, erneuert 1989 (Jenergasse 9)
Novalis (eigtl. Friedrich Ludwig von Hardenberg)		: Jenergasse (9)	: 1. (1858) ebd., verloren nach 1934; 2. (vor 1934) Goetheallee 25, erneuert 1989 (Jenergasse 9)
Oehme, Christian Gotthilf Immanuel		: Schloßgasse (17)	: (1990) Ernst-Thälmann-Ring 15a
Oemler, Johann Christian Wilhelm		: H. d. Kirche (5) (Superintendentur)	: (1858) ebd., Gebäude 1945 zerstört
Oken (eigtl. Okenfuß), Lorenz		: Johannisgasse (6), Leutragasse (5); 	: 1. (1858) Johannisstr. 6, Gebäude um 1970 abgerissen; 2. (1858) Leutrastr. 5, Gebäude 1945 zerstört; 3. (nach 1991) Coll. Jen.
Ostermann, Heinrich Johann Friedrich		: unbekannt	: (1858) Fürstengraben 6, verloren vor 1934
Oxenstierna, Axel		: unbekannt	: (vor 1928) Unterm Markt 4, verloren 1973, erneuert 1990
Paquet, Alfons		: St.-Jakob-Str. 37, Jenergasse 17	: (vor 1934) Fürstengraben 13 (= Jenergasse 17), verloren nach 1970; E
Paulus, Heinrich Eberhard Gottlob		: Unterm Markt (2)	: 1. (1858) Unterm Markt 4, erneuert 1929, verloren 1973; 2. (1990) Unterm Markt 2
Pfaff, Christian Heinrich		: Kollegiengasse (1)	: (1858) ebd., verloren vor 1934
Pfeiffer, Ernst		: Ob. Löbdergraben	: (1932) Löbdergraben 28, verloren nach 1934
Piersdorf, Julius		: Erfurter Str., Kaiser-Wilhelm-Str., Humboldtstr.	: (1929) Humboldtstr. 24, verloren nach 1934
Poser, Magnus		: Kunitzer Str. 5 (Geburtshaus), Bürgelsche Str. 55	: 1. (1967) Karl-LiebknechtStr. 55; 2. (nach 1945) Kunitzer Str. 5
Posselt, Johannes Friedrich		: Schillergäßchen (2)	: (1858) ebd., 1976 erneuert
Preyer, William Thierry		: V. d. Erfurter Tor, Jüdengraben	: 1. (vor_ 1928) Kaiser-Wilhelm-Str. 17, verloren nach 1934; 2. (1933) Teichgraben 8 (Physiologisches Institut), Gebäude 1945 zerstört
Pringsheim, Nathanael		: Bibliotheksplatz (Botanisches Institut); 	: (vor 1928) ebd., erneuert 1929, 1934 verloren, (vermutlich von den Nationalsozialisten entfernt, da P. jüdischen Glaubens war)
Pufendorf, Samuel von		: unbekannt; 1. 	: (1858) Löbdergraben 32, Gebäude um 1952 abgerissen; 2. (nach 1991) Coll. Jen.
Ratzel, Friedrich		: unbekannt	: (vor 1934) Fürstengraben 19, verloren nach 1934
Regel, Fritz		: Leutragäßchen (6), Zwätzengasse (13), Ziegelmühlenweg (15)	: 1. (1929) Johannisstr. 6, Gebäude 1970 abgerissen; 2. (nach 1991) Am Steiger 3
Reger, Max		: Beethovenstr. 6	: (1929) ebd.
Reichwein, Adolf		: Burgweg 8, Beutenbergstr. 8, Lutherstr. 147	: (nach 1991) Lutherstr. 147
Reimarus, Hermann Samuel		: unbekannt	: (1858) Neugasse 10, verloren vor 1934
Rein, Wilhelm		: Kahlaische Str. 7	: (vor 1928) ebd., erneuert 1929, verloren nach 1934
Reinhold, Carl Leonhard		: Johannisgasse (8), B. Rathaus	: (1858) Postgasse 7, erneuert 1929, Gebäude 1945 zerstört; E
Reinhold, Christian Ernst Gottlieb		: Kollegiengasse (22)	: (1858) ebd., Gebäude 1945 zerstört
Reinthaler, Johann Friedrich		: Zwätzengasse, Jenergasse (14)	: (vor 1928) Jenergasse 14
Reisig, Carl		: Markt (10)	: (1858) ebd., verloren vor 1934
Renner, Theobald		: Schloßgraben, Schloßgasse, B. Johannistot; 	: (1990) Goetheallee 32 (ehemalige Tierarzneischule)
Reuter, Fritz		: Markt (8)	: (vor 1928) ebd., erneuert 1977
Reventlow, Friedrich Graf von		: unbekannt	: (1858) Fürstengraben 13, verloren vor 1934
Ried, Franz Jordan von		: Neugasse (14)	: (vor 1928) ebd., Gebäude 1981 abgerissen; E
Riedel, Bernhard		: Humboldtstr. (14)	: (1929) ebd., verloren nach 1934; E
Ritter, Johann Wilhelm		: Fürstengraben (18), Zwätzengasse	: (1858) Zwätzengasse 9, erneuert 1989
Rörer, Georg		: Johannisgasse	: (1929) Bibliotheksplatz (UB), Gebäude 1945 zerstört; E
Rössle, Robert		: Forstweg 37	: (1989) Prof.-IbrahimStr. 37
Rolfinck, Werner		: H. d. Kirche (7/8)	: 1. (1858) Goetheallee 9, erneuert 1989; 2. (1929) Teichgraben 7 (Anatomisches Institut), erneuert 1977
Rosenthal, Eduard		: Inselplatz, Kahlaische Str. (4)	: (1929) Kahlaische Str. 6, verloren vor 1934 (vermutlich von den Nationalsozialisten entfernt), erneuert nach 1990
Roßbach, Michael Joseph		: V. d. Erfurter Tor	: (1929) Landgrafenstieg 1
Rothe, Karl		: Unterlauengasse, Kirchplatz	: (vor 1934) Unterlauengasse 10 (Seite Löbdergraben), verloren nach 1934
Rudolphi, Carl Asmund		: unbekannt	: (1858) Unterlauengasse 14, Gebäude um 1900 abgerissen, neue Anbringung: Unterm Markt 12a, verloren nach 1934
Rückert, Friedrich		: Jenergasse (9)	: (1858) ebd. (= Goetheallee 25), erneuert 1989
Rückert, Heinrich		: V. d. Johannistor	: (1929) Jenergasse 14
Safarik, Paul Josef		: unbekannt	: (1858) Markt 17, verloren vor 1934; E
Sagittarius, Caspar		: Löbdergasse (6)	: (1858) Löbdergasse 20/21, erneuert 1929, Gebäude 1945 zerstört; E
Salzmann, Christian Gotthilf		: unbekannt	: (1858) Ernst-ThälmannRing 28, erneuert 1983
Sand, Karl Ludwig		: Oberlauengasse	: (nach 1934) Oberlauengasse 11, Gebäude 1986 abgerissen; erneuert 1990 (Nachfolgebau)
Savigny, Friedrich Karl von		: Fürstengraben (16)	: (1858) ebd., erneuert 1929, verloren nach 1934; E
Schäfer, Dietrich		: Fürstengraben (23), Ob. Jüdengraben; 	: (vor 1928) Markt 8, neue Anbringung (vor 1934): Kasernenstr. 11, verloren nach 1934
Schaeffer, Hermann		: Markt (10), Johannisplatz (9), Unterm Markt (4), Unterlauengasse (16), Lutherplatz, neben "Schwarzer Bär"	: 1. (vor 1928) Unterm Markt 4, verloren 1973; 2. (vor 1928) H. d. Kirche, verloren nach 1934; 3. (vor 1934) Markt 10, erneuert 1988
Schaxel, Julius		:	Jenergasse 12,	Reichardtstieg 4;		: (1983) Reichardtstieg 4
Scheidler, Karl Hermann		: Unterm Markt, Bachgasse/Quergasse (15) ("Zur Schweiz")	: (vor 1928) Quergasse 15, verloren; E
Schelling, Friedrich Wilhelm Joseph von		: A. d. Graben	: 1. (1858) Fürstengraben 16, erneuert 1929, verloren nach 1934; 2. (vor 1928) Unterm Markt 12a, verloren nach 1934; 3. (1989) Johannisplatz 22
Schelver, Franz Joseph		: Inspektorhaus des Bot. Gartens	: (1858) ebd., erneuert 1929, verloren vor 1934
Schenck, Johann Theodor (gen. von Burgstadt)		: Brüdergasse	: (1977) Teichgraben 7 (Anatomisches Institut)
Scherer, Alexander Nicolaus von		: Am Paradies (6)	: (1858) ebd., verloren nach 1934
Schiller, Friedrich (von)		: Jenergasse (19), Zwätzengasse (9), Unterm Markt (1), Schloßgasse (17), Garten am Engelgatter: (1858) 1. Jenergasse 19, Gebäude 1945 zerstört; 2. Zwätzengasse 9 (Rückseite), erneuert 1990; 3. Unterm Markt 1, Gebäude 1945 zerstört, erneuert nach 1945 (Mauerrest); 4. Schloßgasse 17, Gebäude 1945 zerstört, neue Anbringung (nach 1945): Ernst-Thälmann-Ring 15a (am Hörsaalanbau); 5. Schillergäßchen 2 (Gartenhaus), erneuert 1977; 6. Leutrastr. 5, Gebäude 1945 zerstört; 7. Unterm Markt 12a, verloren nach 1934
Schlegel, August Wilhelm		: Markt (23) u. a.	: 1. (1858) Unterm Markt 12a, verloren nach 1934; 2. (1988) Markt 23
Schlegel, Friedrich Wilhelm Karl		: Markt (23) u. a.	: 1. (1858) Löbdergraben 10, verloren nach 1934; 2. (1988) Markt 23
Schlegel (auch Siegel), Paul Marquard		: unbekannt	: (1977) Teichgraben 7 (Anatomisches Institut)
Schlegel-Schelling, Caroline (geb. Michaelis, verw. Böhmer)		: Markt (23) u. a.	: (1988) ebd.
Schleicher, August		: Leutragasse, Bachgasse	: (vor 1928) Bachstr. 15, verloren vor 1934, erneuert nach 1991
Schleiden, Matthias Jakob		: V. d. Johannistor, Löbdergasse, Neugasse (10)	: (1929) Inspektorhaus des Bot. Gartens, verloren vor 1934; E
Schlenther, Paul		: unbekannt	: (vor 1928) Jenergasse 14
Schmid, Karl Christian Erhard		: Zwätzengasse (9)	: (1858) ebd., verloren vor 1934, erneuert nach 1934 und 1989
Schmid, Ernst Erhard		: Johannisgasse (28), Schillergäßchen (1)	: (1929) Schillerstr. (Mineralogisches Institut), Gebäude 1945 zerstört
Schmid, Karl Ernst		: Leutragasse, Fürstengraben, Johannisgasse (26)	: (1858) Johannisstr. 26, Gebäude 1898 abgerissen, neue Anbringung: Goetheallee 18
Schmidt, Erich		: Fischergasse (2) (Geburtshaus)	: (vor 1928) Jenergasse 14
Schmidt, Ernst Gottfried		: Nonnenplan (3/4), Schillergäßchen (2) (Eigentümer); 	: (1976) Schillergäßchen 2
Schmidt, Johann Ludwig		: Nonnenplan (3/4), Schillergäßchen (2) (Eigentümer); 	: (1976) Schillergäßchen 2
Schmidt, Moritz Wilhelm Konstantin		: Unt. Löbdergraben	: (vor 1928) ErnstThälmann-Ring 23, erneuert 1986
Schmidt, Oskar Eduard		: Fischergasse (2)	: (vor 1928) ebd., Gebäude um 1970 abgerissen
Schmidt, Wilhelm Adolf		: V. d. Neutor, Neugasse (10)	: (1929) Neugasse 10, erneuert 1987
Schnaubert, Andreas Joseph		: Leutragasse (10)	: (1858) ebd., Gebäude 1969 abgerissen
Schnepff, Erhard		: vermutlich Coll. Jen., evtl. auch Am Kreuz (4)	: 1. (1858) Am Kreuz 4, verloren vor 1934; 2. (1979) Coll. Jen.
Schömann, Franz Joseph Constantin		:	Löbdergasse (6);		:	(1858)	Löbderstr. 20/21, neue Anbringung: Rathausgasse 1, Gebäude 1945 zerstört
Schott, Friedrich Otto		: Lichtenhainer Str. (5)	: (nach 1991) Otto-Schott-Str. 5
Schott, Heinrich August		: Jenergasse (9)	: (1858) ebd., verloren vor 1934
Schottin, Carl Friedrich Reinhold		: Jenergasse 14	: (vor 1934) Fürstengraben 19 (= Hinterhaus), verloren nach 1934
Schrader, Otto		: Gartenstr. (1)	: (vor 1928) ebd., erneuert 1929
Schrödinger, Erwin		: unbekannt	: (nach 1945) Helmholtzweg 5 (Physikalisches Institut)
Schrön, Heinrich Ludwig Friedrich		: Schillergäßchen (2)	: (vor 1928) ebd., erneuert 1977
Schröter, Johannes (von)		: Johannisgasse, evtl. auch Markt, Löbdergasse (5)	: 1. (1858) Löbderstr. 5, erneuert nach 1945; 2. (1979) Coll. Jen.
Schubart, Christian Friedrich Daniel		: unbekannt	: (vor 1928) Löbdergraben 6, verloren nach 1934
Schubert, Gotthilf Heinrich (von)		: unbekannt	: (1858) Löbderstr. 20/21, verloren vor 1934
Schütz, Christian Gottfried		: Engelplatz	: 1. (1858) Engelplatz 8, Gebäude 1900 abgerissen, neue Anbringung (1929): Nachfolgebau, verloren vor 1934; 2. (1929) Coll. Jen., verloren um 1973; 3. (nach 1990) Engelplatz 8
Schultze, Alfred		: Grietgasse (1)	: (1929) Grietgasse 11, verloren 1934
Schultze (-Jena), Bernhard Sigismund		: V. d. Neutor, Sellierstr. (6)	: (vor 1928) 1. Sellierstr. 6; 2. Erbertstr. 2; 3. Johannisplatz 10, erneuert 1976; 4. (nach 1934) Bachstr. 18 (Frauenklinik)
Schulz-Gora, Oskar		: Kahlaische Str. (1)	: (nach 1942) ebd.
Schulze (-Gävernitz), Friedrich Gottlob		: Schloßgasse (17)	: (vor 1928) ebd., Gebäude 1945 zerstört, erneuert 1990 (ErnstThälmann-Ring 15a)
Schumann, Robert		: Jüdengraben	: (nach 1991) Goetheallee 27
Schwalbe, Gustav Albert		: Jüdengraben	: (1929) Teichgraben 7 (Anatomisches Institut), erneuert 1977
Schwarz, Otto		: Ob. Philosophenweg 16	: (1986) Philosophenweg 16
Schweitzer, Christian Wilhelm		: Teichgraben	: (1858) ebd., Gebäude um 1900 abgebrochen wegen Bau Schillerstr
Seebeck, Karl Julius Moritz		: Johannisstr. (20) (Geburtshaus), V. d. Saaltor, Neugasse, Schloß, Jüdengraben	: (vor 1928) Sellierstr. 7
Seebeck, Thomas Johann		: Johannisgasse (20)	: (1858) ebd., verloren um 1975, erneuert 1989
Segner, Johann Andreas von		: unbekannt	: (1858) Unterm Markt 4, verloren 1973, erneuert nach 1991
Seidel, Moritz		: Neugasse (21), Sellierstr.	: (vor 1928) Sellierstr. 7
Selnecker, Nikolaus		: unbekannt	: (1858) Saalstr. 17, verloren nach 1934, erneuert 1990 (Nachfolgebau)
Seyerlein, Karl Rudolf		: Johannisstr. (6)	: (vor 1934) ebd., Gebäude 1969 abgerissen
Siebert, August Friedrich		: V. d. Saaltor	: (1858) Am Saaltor; verloren nach 1934
Siebold, Adam Elias von		: unbekannt	: (1858) Neugasse 14, verloren vor 1934
Siebold, Johann Bartholomäus von		: unbekannt	: (1858) Neugasse 14, verloren vor 1934
Siedentopf, Henry		: Löbdergraben (11), Kahlaische Str. 2, Kaiser-Wilhelm-Str. 7	: (nach 1945) Helmholtzweg5 (Physikalisches Institut), verloren; E
Siegfried, Carl Adolf		: Fischergasse, Jüdengraben	: (vor 1934) Westbahnhofstr. 3
Sievers, Eduard			
Smidt, Johann		: Markt (4)	: (1858) ebd., verloren vor 1934
Snell, Christian Philipp Carl		: Neugasse (23)	: (vor 1934) ebd., erneuert 1989
Solf, Wilhelm Heinrich		: Jenaaufenthalt (1895/96) fragwürdig; 	: (vor 1928) Johannisplatz 10, verloren nach 1934
Spalatin (eigtl. Burckhardt), Georg		: unbekannt	: 1. (1929) Bibliotheksplatz (UB), Gebäude 1945 zerstört; 2. (nach 1991) Coll. Jen.
Spieß, Edmund		: Löbdergraben	: (vor 1928) Teichgraben 6, verloren vor 1934
Stade, Friedrich Wilhelm		: Sitzenplan, Postgasse	: (vor 1934) Ludwig-Weimar-Gasse 7, Gebäude 1945 zerstört; E
Stahl, Georg Ernst		: unbekannt	: 1. (1858) Rathausgasse 1, Gebäude 1945 zerstört; 2. (nach 1991) Coll. Jen.
Stamitz, Carl		: unbekannt	: (nach 1991) Goetheallee 27
Stark, Johann Christian d. Ä.		: Kleine Rathausgasse (3)	: 1. (1858) ebd., Gebäude 1945 zerstört; 2. (nach 1991) Jenergasse 8
Stark, Johann Christian d.J.		: Leutragasse (29)	: 1. (1858) ebd., Gebäude 1945 zerstört; 2. (nach 1991) Jenergasse 8
Stark, Karl Bernhard		: Unterm Markt (12a), Untere Saalstr.; 	: (vor 1928) Unterm Markt 4, verloren 1973
Stark, Karl Wilhelm		: Unterm Markt (12a)	: (1858) ebd., erneuert 1989
Steffens, Henrik		: Lutherplatz 2 ("Schwarzer Bär")	: (1858) ebd., verloren vor 1934; E
Steiger, Günter		: Westendstr. 11, Zenkerwegl	: (1989) Coll. Jen.
Steinmann, Gustav		: Schillerstr., 	: (1929) ebd. (Mineralogisches Institut), Gebäude 1945 zerstört
Steinmann, Tobias		: Markt (11), Steinmannsgäßlein (2 und 3)	: (nach 1991) Markt 11/Greifgäßchen
Stickel, Johann Gustav		: Johannisgasse (19)	: (vor 1934) ebd., verloren nach 1934
Stieler, Kaspar		: unbekannt	: (nach 1991) Coll. Jen.
Stifel, Michael			
Stigel, Johann		: Coll. Jen.	: (1858) ebd.; verloren um 1973, erneuert 1979
Stintzing, Georg Hieronymus Roderich		: Am Steiger (2)	: (vermutlich 1924) Bachstr. 18 (ehemalige Med. Klinik)
Stolle, Gottlieb		: Leutragasse (29)	: (nach 1991) Coll. Jen.
Stoy, Karl Volkmar		: Löbdergraben (32), Fischergasse	: (1934) Löbdergraben 32, verloren nach 1934
Stoy, Stephan		: Löbdergraben (32), 	: (vor 1934) ebd., verloren nach 1934
Strasburger, Eduard		: V. d. Zwätzentor, V. d. Engelgatter	: (1934) Marienstr. 9, verloren nach 1934
Straubel, Rudolf		: Neugasse (23), Kaiser-Wilhelm-Str. (9), Beethovenstr. (2), Botzstr. (10)	: (nach 1945) Helmholtzweg 1 (Abbeanum)
Strigel, Viktorin		: Löbdergasse/Nonnenplan, Kirchplatz (4); 	: 1. (1858) Kirchplatz 4, Gebäude 1945 zerstört, 2. (1979) Coll. Jen.
Struve, Burkhard Gotthelf		: Unterm Markt (4)	: 1. (1858) ebd., verloren um 1973, erneuert 1990; 2. (1929) Bibliotheksplatz (UB), Gebäude 1945 zerstört
Struve, Georg Adam		: Unterm Markt/Oberlauengasse	: 1. (1858) ebd., Gebäude um 1900 abgerissen.; 2. (1990) Oberlauengasse 2
Sturm, Karl Christoph Gottlieb		: Johannisgasse (26)	: (1858) ebd., verloren vor 1934
Suckow, Johann Lorenz Daniel		: Kollegiengasse (6)	:1. (1858) ebd., Gebäude 1945 zerstört; 2. (nach 1991) Coll. Jen.
Suckow, Wilhelm Carl Friedrich		: Löbdergasse (12)	: (1858) ebd., Gebäude 1945 zerstört
Szeberenyi, Johann		: unbekannt	: (1858) Johannisstr. 3/3a, Gebäude 1945 zerstört
Teichmeyer, Hermann Friedrich		: Leutragasse (10), Camsdorfer und Wenigenjenaer Freigüter (Eigentümer)	: 1. (1858) Leutrastr. 10, verloren vor 1934; 2. (1858) Camsdorfer Ufer 1, verloren vor 1934, erneuert 1991
Tennemann, Wilhelm Gottlieb		: Löbdergasse (5), Bachgasse	: (1858) Bachgasse 4, verloren vor 1934
Thibaut, Anton Friedrich Justus		: Markt (5), Schillergäßchen (2) (Eigentümer); 	: 1. (1858) Markt 5, Gebäude 1945 zerstört; 2. (vor 1928) Rathausgasse 1, Gebäude 1945 zerstört; 3. (1976) Schillergäßchen 2
Thomae, Johannes Carl		: Ob. Jüdengraben	: (1929) Rathenaustr. 9
Thomas, Johann		: unbekannt	: (nach 1991) Coll. Jen.
Thon, August		: Fürstengraben (30)	: (1929) ebd., verloren vor 1934
Thümmel, Wilhelm		: Schaefferstr. (3 u. 4), Beethovenstr. (28)	: (1929) Beethovenstr. 28, verloren vor 1934
Tieck, Johann Ludwig		: Fischergasse	: (1858); Fischergasse 1, erneuert 1929 und 1987
Tolstoi, Lew Nikolajewitsch		: vermutlich Fürstengraben (18)	: (1988) Goetheallee 18
Treunert, Wilhelm		: Oberlauengasse 12	: (1934) ebd., Gebäude 1986 abgerissen, erneuert 1990 (Nachfolgebau)
Treviranus, Ludolf Christian		: unbekannt	: (1858) Neugasse 10, verloren vor 1934
Trinius, Karl Bernhard Frhr. von		: unbekannt	: (1858) Neugasse 10, verloren vor 1934
Trinks, Friedrich		: Schloßgasse (3)	: (1929) ebd., verloren nach 1934
Troxler, Ignaz Paul Vital		: Johannisgasse (26)	: (1858) ebd., verloren vor 1934, Gebäude 1945 zerstört; E
Tümpling, Albertus von		: Johannisgasse	: (1446) V. d. Saaltor, erneuert 1853, neue Anbringung (1927/28): Am Anger 15 (ehemaliges Altersheim, von Tümpling gestiftet)
Ulbricht, Walter		: Am Burggarten 2	: (1965) August-Bebel-Str. 27 (Ölmühle)
Ulrich, Johann August Heinrich		: Inspektur des Coll. Jen., Gartenhaus am Teiche	: (1858) V. d. Löbdertor, verloren vor 1934
Unckel-Nimuendaju, Curt		: Wagnergasse (30) (Geburtshaus)	: (nach 1991) ebd.
Versmann, Johannes Andreas			
Voigt, Friedrich Siegismund		: Oberlauengasse (8), Schloßgasse (3); 	: 1. (1858) Schloßgasse 3, verloren vor 1934; 2. (1929) Inspektorhaus des Bot. Gartens, verloren nach 1934
Voigt, Johann Heinrich		: Oberlauengasse (8)	: (1858) ebd., verloren vor 1934
Volkmann, Rudolf		: Beethovenstr. 16	: (nach 1947) ebd.
Vollert, Christian August Anton		: unbekannt	: (vor 1928) Sellierstr. 6
Vollert, Max		: Kahlaische Str. (1), Neugasse (18), Humboldtstr. (7?)	: (vor 1934) Neugasse 18, erneuert 1987
Voß, Hermann		: Griesbachsches Haus und Griesbachgartenhaus, Bachgasse (27)	: (1977) Teichgraben 7 (Anatomisches Institut), wurde 1987 nach Bekanntwerden seines Verhaltens während des Faschismus in Poznan entfernt
Voß, Johann Heinrich		: Griesbachsches Haus und Griesbachgartenhaus, Bachgasse (27)	: 1. (1858) Bachstr. 27, verloren nach 1934; 2. (1990) Am Planetarium 7 (Griesbachgartenhaus)
Voß, Richard		: V. d. Erfurter Tor	: (vor 1928) H. d. Kirche 10, verloren vor 1934
Vossgall, Johann		: Unterm Markt, Leutragasse (10)	: (1858) Leutrastr. 10, neue Anbringung (vor 1934): Neugasse 24 (ehemaliges Pharmazeutisches Institut), erneuert 1987
Wackenroder, Heinrich Wilhelm Ferdinand		: Unterm Markt, Leutragasse (10)	: (1858) Leutrastr. 10, neue Anbringung (vor 1934): Neugasse 24 (ehemaliges Pharmazeutisches Institut), erneuert 1987
Wagenmann, August Emil Ludwig		: Stoystr. (2 und 3)	: (nach 1934) Stoystr. 3
Wagner, Johann Jakob		: unbekannt	: (1858) Engelplatz 11, verloren vor 1934
Wagner, Richard		: Sitzenplan	: 1. (1933) Löbdergraben 10, verloren vor 1981, 2. (1989) ErnstThälmann-Ring 11(= Hofseite)
Walch, Christian Wilhelm Franz		: Johannisgasse (16)	: (1858) ebd., verloren vor 1934
Walch, Georg Ludwig		: Johannisgasse (16)	: (1929) Bibliotheksplatz (UB), Gebäude 1945 zerstört
Walch, Johann Ernst Immanuel		: Johannisgasse (14)	: (1858) ebd., verloren nach 1934, erneuert 1989
Walch, Johann Georg		: Johannisgasse (16)	: (1858) ebd., verloren vor 1934
Walch, Karl Friedrich		: Johannisgasse (16)	: (1858) ebd., erneuert 1976
Walch, Karl Wilhelm		: Johannisgasse (16)	: (1976) ebd.
Walther, Johannes		: Schillergäßchen (1), V. d. Erfurter Tor	: (nach 1937) August-Bebel-Str. 12, erneuert 1989
Weber, Paul		: Landgrafenstieg 12	: (nach 1934) ebd.
Weigel, Erhard		: Coll. Jen., Johannisgasse (26)	: l. (1858) Johannisgasse 26, Gebäude 1898 abgerissen; 2. (nach 1991) Coll. Jen.
Welti, Emil		: unbekannt	: (1929) Leutrastr. 2, Gebäude 1945 zerstört
Wendt, Hans Hinrich		: Forstweg, Am Landgrafen (2), Wildstr. (7)	: (1929) Wildstr. 7, verloren vor 1934
Wendt, Otto (von)		: Johannisgasse, Unt. Löbdergraben	: (1929) V. d. Neutor 3, verloren nach 1934
Wesenbeck, Matthäus		: Johannisgasse, Markt	: (1858) Unterm Markt 4, verloren 1973, erneuert 1990
Wieck, Clara		: unbekannt	: (nach 1991) Goetheallee 27
Wien, Max		: Westendstr.	(22), Ob. Philosophenweg (50)	: (nach 1945) Helmholtzweg 5 (Physikalisches Institut)
Wigand, Johan(nes)		: H. d. Kirche ("Wedelei"), Leutragasse; 	: (1858) H. d. Kirche 5/6, Gebäude 1945 zerstört
Wildvogel, Christian		: Schloßgasse (9)	: (1858) ebd., Gebäude 1945 zerstört
Winckelmann, Johann Joachim		: unbekannt	: 1. (1858) Rathausgasse 1, Gebäude 1945 zerstört, 2. (nach 1991) Coll. Jen.
Winkelmann, Adolf		: Kasernenstr., V. d. Erfurter Tor, Kahlaische Str. (4), Stoystr. (la)	: (1929) Helmholtzweg 5 (Physikalisches Institut)
Wolff, Christian		: Kollegiengasse	: 1. (1858) Kollegiengasse 20, Gebäude 1969 abgerissen, 2. (nach 1991) Coll. Jen.
Wolff, Oskar Ludwig Bernhard		: Fürstengraben, Sitzenplan	: 1. (1858) Löbdergraben 10, verloren nach 1934; 2. (vor 1928) Goetheallee 18; 3. (1989) Ernst-Thälmann-Ring 11 (Hofseite)
Woltmann, Karl Ludwig (von)		: Leutragasse (5), Grietgasse	: (1858) Engelplatz 11, verloren vor 1934
Wolzogen, Caroline Frfr. von (geb. von Lengefeld),		: V. d. Zwätzentor	: (1858) Saalbahnhofstr. 12, erneuert 1929, verloren nach 1934, erneuert 1987
Zeiß, Carl		: Jenergasse (14), Neugasse (7), Wagnergasse (32), Johannisplatz (10), Leutragäßchen	: 1. (vor 1928) Jenergasse 14; 2. (nach 1945) Neugasse 7, erneuert 1983; 3. (nach 1945) Wagnergasse 32, erneuert 1976; 4. (nach 1945) Johannisplatz 10, erneuert 1976
Zeiß, Eduard		: Jenergasse 14, evtl. Unterm Markt (1)	: (vor 1928) Jenergasse 14
Zenker, Gustav		: Fürstengraben (18)	: (1910) Goetheallee 18
Zenker, Jonathan Karl			
Zetkin, Clara		: u. a. Carl-Zeiß-Str. 8	:(1957) ebd.
Zimmern, Siegmund Wilhelm		: Unterlauengasse (14)	: 1. (1858) ebd., verloren vor 1934; 2. (1990) Unterm Markt 12 (Hofseite)
Zinzendorf (und Pottendorf), Nikolaus Ludwig Graf von		: Wagnergasse (27)	: (1858) ebd., verloren nach 1934, erneuert nach 1991
Zucker, Friedrich		: Forstweg 16, Beethovenstr. 4	: (1983) Dr.-Otto-Nuschke-Str. 10